{
  "levels": [
    {
      "ID": 0,
      "preset": {},
      "balls": [
        {
          "ID": 0,
          "x": 1671.9705913209257,
          "y": 502.0291750886584,
          "species": 1
        },
        {
          "ID": 1,
          "x": 539,
          "y": 527,
          "species": 0
        },
        {
          "ID": 2,
          "x": 890,
          "y": 524,
          "species": 4
        },
        {
          "ID": 3,
          "x": 1150,
          "y": 521,
          "species": 4
        },
        {
          "ID": 4,
          "x": 1396,
          "y": 514,
          "species": 4
        }
      ]
    },
    {
      "ID": 1,
      "preset": {},
      "balls": [
        {
          "ID": 0,
          "x": 1670.9937458791474,
          "y": 501.0443387427398,
          "species": 1
        },
        {
          "ID": 1,
          "x": 612.9993721262275,
          "y": 518.9745828784603,
          "species": 0
        },
        {
          "ID": 2,
          "x": 1361.012862835101,
          "y": 507.0496517913061,
          "species": 3
        },
        {
          "ID": 3,
          "x": 1489,
          "y": 289,
          "species": 4
        },
        {
          "ID": 4,
          "x": 1204,
          "y": 74,
          "species": 4
        },
        {
          "ID": 5,
          "x": 1014,
          "y": 232,
          "species": 4
        }
      ]
    },
    {
      "ID": 2,
      "preset": {},
      "balls": [
        {
          "ID": 0,
          "x": 1672.0130416674635,
          "y": 501.02746984554943,
          "species": 1
        },
        {
          "ID": 1,
          "x": 613.0309115889777,
          "y": 521.0060429287696,
          "species": 0
        },
        {
          "ID": 2,
          "x": 1170.9535508266408,
          "y": 516.9522892580225,
          "species": 0
        },
        {
          "ID": 3,
          "x": 1296,
          "y": 261,
          "species": 4
        },
        {
          "ID": 4,
          "x": 956,
          "y": 522,
          "species": 4
        },
        {
          "ID": 5,
          "x": 1540,
          "y": 521,
          "species": 4
        }
      ]
    },
    {
      "ID": 3,
      "preset": {},
      "balls": [
        {
          "ID": 0,
          "x": 1670.0092374440699,
          "y": 500.0291410697227,
          "species": 1
        },
        {
          "ID": 1,
          "x": 605.9729521486736,
          "y": 336.01131541873553,
          "species": 0
        },
        {
          "ID": 2,
          "x": 617.0250942604887,
          "y": 698.0020709204662,
          "species": 0
        },
        {
          "ID": 3,
          "x": 1239.0232829568738,
          "y": 505.99965394757874,
          "species": 3
        },
        {
          "ID": 4,
          "x": 1233.0274726207754,
          "y": 374.9801199159525,
          "species": 3
        },
        {
          "ID": 5,
          "x": 1242.0289682113096,
          "y": 647.0055442659655,
          "species": 3
        },
        {
          "ID": 6,
          "x": 616.957880362646,
          "y": 516.036362769484,
          "species": 3
        },
        {
          "ID": 7,
          "x": 261.03037098190526,
          "y": 512.0130595411047,
          "species": 3
        },
        {
          "ID": 8,
          "x": 1128.9783038238736,
          "y": 509.9542971823841,
          "species": 4
        },
        {
          "ID": 9,
          "x": 1495,
          "y": 304,
          "species": 4
        },
        {
          "ID": 10,
          "x": 1495,
          "y": 769,
          "species": 4
        }
      ]
    },
    {
      "ID": 4,
      "preset": {},
      "balls": [
        {
          "ID": 0,
          "x": 1349,
          "y": 469,
          "species": 1
        },
        {
          "ID": 1,
          "x": 399.9594100538131,
          "y": 356.9772440821617,
          "species": 0
        },
        {
          "ID": 2,
          "x": 403.04716150272657,
          "y": 639.9940175772882,
          "species": 0
        },
        {
          "ID": 3,
          "x": 1005.0485350132593,
          "y": 163.00280098886032,
          "species": 2
        },
        {
          "ID": 4,
          "x": 1001.0083324835792,
          "y": 465.9526416843607,
          "species": 2
        },
        {
          "ID": 5,
          "x": 1006,
          "y": 868,
          "species": 2
        },
        {
          "ID": 6,
          "x": 1551.028246607878,
          "y": 468.9731766724242,
          "species": 4
        },
        {
          "ID": 7,
          "x": 1682.0273527461475,
          "y": 104.03429852110598,
          "species": 4
        },
        {
          "ID": 8,
          "x": 1683,
          "y": 947,
          "species": 4
        }
      ]
    },
    {
      "ID": 5,
      "preset": {},
      "balls": [
        {
          "ID": 0,
          "x": 952.0053475634612,
          "y": 406.03160705536396,
          "species": 1
        },
        {
          "ID": 1,
          "x": 1495.9582600691483,
          "y": 411.9734585461603,
          "species": 0
        },
        {
          "ID": 2,
          "x": 1123,
          "y": 581,
          "species": 3
        },
        {
          "ID": 3,
          "x": 446.0454303598309,
          "y": 424.02901457970023,
          "species": 0
        },
        {
          "ID": 4,
          "x": 1600.0197522071905,
          "y": 411.029224569385,
          "species": 4
        },
        {
          "ID": 5,
          "x": 1062,
          "y": 365,
          "species": 0
        },
        {
          "ID": 6,
          "x": 848,
          "y": 458,
          "species": 0
        },
        {
          "ID": 7,
          "x": 329.03752663838134,
          "y": 425.9593454215307,
          "species": 4
        },
        {
          "ID": 8,
          "x": 842.6262571744329,
          "y": 364.4282934125293,
          "species": 0
        },
        {
          "ID": 9,
          "x": 1014,
          "y": 629,
          "species": 3
        },
        {
          "ID": 10,
          "x": 1067,
          "y": 463,
          "species": 0
        },
        {
          "ID": 11,
          "x": 755,
          "y": 264,
          "species": 3
        },
        {
          "ID": 12,
          "x": 867,
          "y": 196,
          "species": 3
        },
        {
          "ID": 13,
          "x": 993,
          "y": 197,
          "species": 3
        },
        {
          "ID": 14,
          "x": 1106,
          "y": 253,
          "species": 3
        },
        {
          "ID": 15,
          "x": 778,
          "y": 560,
          "species": 3
        },
        {
          "ID": 16,
          "x": 891,
          "y": 619,
          "species": 3
        },
        {
          "ID": 17,
          "x": 951.023720149818,
          "y": 304.0481622741707,
          "species": 4
        },
        {
          "ID": 18,
          "x": 958,
          "y": 506,
          "species": 4
        }
      ]
    },
    {
      "ID": 6,
      "preset": {},
      "balls": [
        {
          "ID": 0,
          "x": 1348,
          "y": 858,
          "species": 1
        },
        {
          "ID": 1,
          "x": 806.9946400753192,
          "y": 546.0101974266332,
          "species": 0
        },
        {
          "ID": 2,
          "x": 719.9802560800362,
          "y": 498.02992294363924,
          "species": 0
        },
        {
          "ID": 3,
          "x": 354.0044351762735,
          "y": 500.9800691920357,
          "species": 0
        },
        {
          "ID": 4,
          "x": 804.0435014293021,
          "y": 451.9918071145508,
          "species": 0
        },
        {
          "ID": 5,
          "x": 898.0114103142737,
          "y": 498.0186809202375,
          "species": 0
        },
        {
          "ID": 6,
          "x": 888.0285923045798,
          "y": 406.00529294338526,
          "species": 0
        },
        {
          "ID": 7,
          "x": 892.9870013762942,
          "y": 590.0105899098186,
          "species": 0
        },
        {
          "ID": 8,
          "x": 381.01876225772776,
          "y": 154.0318426276385,
          "species": 1
        },
        {
          "ID": 9,
          "x": 373.0367160794726,
          "y": 876.0065106524967,
          "species": 1
        },
        {
          "ID": 10,
          "x": 1340,
          "y": 194,
          "species": 1
        },
        {
          "ID": 11,
          "x": 872.9714190499454,
          "y": 144.02382758642284,
          "species": 4
        },
        {
          "ID": 12,
          "x": 876.028415152174,
          "y": 905.9982436228698,
          "species": 4
        },
        {
          "ID": 13,
          "x": 1682.9973494009728,
          "y": 514.0280663755767,
          "species": 2
        },
        {
          "ID": 14,
          "x": 213.96720717741277,
          "y": 909.9696620101995,
          "species": 2
        },
        {
          "ID": 15,
          "x": 210.02486690312406,
          "y": 122.00162191563855,
          "species": 2
        },
        {
          "ID": 16,
          "x": 577.0234923472789,
          "y": 499.0365538099769,
          "species": 4
        }
      ]
    },
    {
      "ID": 7,
      "preset": {},
      "balls": [
        {
          "ID": 0,
          "x": 902,
          "y": 500,
          "species": 1
        },
        {
          "ID": 1,
          "x": 387,
          "y": 512,
          "species": 0
        },
        {
          "ID": 2,
          "x": 250,
          "y": 900,
          "species": 4
        },
        {
          "ID": 3,
          "x": 787,
          "y": 233,
          "species": 4
        },
        {
          "ID": 4,
          "x": 898,
          "y": 326,
          "species": 2
        },
        {
          "ID": 5,
          "x": 906,
          "y": 678,
          "species": 2
        },
        {
          "ID": 6,
          "x": 1090,
          "y": 496,
          "species": 2
        },
        {
          "ID": 7,
          "x": 712,
          "y": 507,
          "species": 2
        },
        {
          "ID": 8,
          "x": 709,
          "y": 334,
          "species": 3
        },
        {
          "ID": 9,
          "x": 1079,
          "y": 331,
          "species": 3
        },
        {
          "ID": 10,
          "x": 1093,
          "y": 679,
          "species": 3
        },
        {
          "ID": 11,
          "x": 713,
          "y": 683,
          "species": 3
        },
        {
          "ID": 12,
          "x": 1461.9694551874784,
          "y": 512.9701654535277,
          "species": 4
        }
      ]
    },
    {
      "ID": 8,
      "preset": {},
      "balls": [
        {
          "ID": 0,
          "x": 1691.001381032524,
          "y": 311.95028727650083,
          "species": 1
        },
        {
          "ID": 1,
          "x": 209.0368814114819,
          "y": 469.9861103289597,
          "species": 0
        },
        {
          "ID": 2,
          "x": 1291.0043169520725,
          "y": 289.01503031551,
          "species": 3
        },
        {
          "ID": 3,
          "x": 1042,
          "y": 917,
          "species": 4
        },
        {
          "ID": 4,
          "x": 1552.9589983194855,
          "y": 59.973069274931746,
          "species": 3
        },
        {
          "ID": 5,
          "x": 1554.0396329856876,
          "y": 165.00436414445056,
          "species": 3
        },
        {
          "ID": 6,
          "x": 1552.9844085805305,
          "y": 265.95268657312783,
          "species": 3
        },
        {
          "ID": 7,
          "x": 1558.0250921484035,
          "y": 372.9676142383513,
          "species": 3
        },
        {
          "ID": 8,
          "x": 1564.9957741048975,
          "y": 475.0067150402787,
          "species": 3
        },
        {
          "ID": 9,
          "x": 1560.043069260774,
          "y": 716.0243564986282,
          "species": 3
        },
        {
          "ID": 10,
          "x": 1562.0115872765678,
          "y": 828.0163203292955,
          "species": 3
        },
        {
          "ID": 11,
          "x": 689.0263190960483,
          "y": 510.01757557244747,
          "species": 3
        },
        {
          "ID": 12,
          "x": 1448.9595658664855,
          "y": 832.9550833519048,
          "species": 3
        },
        {
          "ID": 13,
          "x": 1334.040516825079,
          "y": 828.008504734885,
          "species": 3
        },
        {
          "ID": 14,
          "x": 789.981831299114,
          "y": 515.0103910710764,
          "species": 3
        },
        {
          "ID": 15,
          "x": 1221.9952623419283,
          "y": 829.950889614979,
          "species": 3
        },
        {
          "ID": 16,
          "x": 1220.0143244478156,
          "y": 725.9687105418008,
          "species": 3
        },
        {
          "ID": 17,
          "x": 887.9762859428946,
          "y": 511.9540622699178,
          "species": 3
        },
        {
          "ID": 18,
          "x": 980.9914942801834,
          "y": 703.9974145426391,
          "species": 3
        },
        {
          "ID": 19,
          "x": 986.0064122708678,
          "y": 798.0150133789315,
          "species": 3
        },
        {
          "ID": 20,
          "x": 779.9828576677982,
          "y": 414.0287739733426,
          "species": 3
        },
        {
          "ID": 21,
          "x": 876.9725502363897,
          "y": 799.9736058329494,
          "species": 3
        },
        {
          "ID": 22,
          "x": 763.0070855364141,
          "y": 946.00000663141,
          "species": 3
        },
        {
          "ID": 23,
          "x": 759.0304346014269,
          "y": 827.9525686221831,
          "species": 3
        },
        {
          "ID": 24,
          "x": 1083,
          "y": 787,
          "species": 4
        },
        {
          "ID": 25,
          "x": 1129,
          "y": 731,
          "species": 4
        },
        {
          "ID": 26,
          "x": 411.0354725276452,
          "y": 950.0154475705787,
          "species": 3
        },
        {
          "ID": 27,
          "x": 1112,
          "y": 865,
          "species": 4
        },
        {
          "ID": 28,
          "x": 417.016529368179,
          "y": 841.0250749897544,
          "species": 3
        },
        {
          "ID": 29,
          "x": 1148,
          "y": 935,
          "species": 4
        },
        {
          "ID": 30,
          "x": 985.9972350044942,
          "y": 606.9776242044729,
          "species": 3
        },
        {
          "ID": 31,
          "x": 983.9916803893262,
          "y": 514.9869562766355,
          "species": 3
        },
        {
          "ID": 32,
          "x": 1020.9936490480818,
          "y": 273.0068339632335,
          "species": 3
        },
        {
          "ID": 33,
          "x": 1018.9526546363882,
          "y": 171.98833423487045,
          "species": 3
        },
        {
          "ID": 34,
          "x": 1009.0409412745261,
          "y": 68.0454553821209,
          "species": 3
        },
        {
          "ID": 35,
          "x": 1082.9927098240933,
          "y": 512.0061729752125,
          "species": 3
        },
        {
          "ID": 36,
          "x": 1190.0296987947731,
          "y": 510.9661065985997,
          "species": 3
        },
        {
          "ID": 37,
          "x": 1297.028067581419,
          "y": 505.04261809548376,
          "species": 3
        },
        {
          "ID": 38,
          "x": 1294.024552138328,
          "y": 397.02903623786955,
          "species": 3
        },
        {
          "ID": 39,
          "x": 782.9916509830408,
          "y": 311.9797489976479,
          "species": 3
        },
        {
          "ID": 40,
          "x": 414.9961065487154,
          "y": 180.04920604343332,
          "species": 3
        },
        {
          "ID": 41,
          "x": 417.9642992155709,
          "y": 277.9687751132637,
          "species": 3
        },
        {
          "ID": 42,
          "x": 419.04315549174936,
          "y": 370.95415779259633,
          "species": 3
        },
        {
          "ID": 43,
          "x": 420.0310083428821,
          "y": 468.03180427798884,
          "species": 3
        },
        {
          "ID": 44,
          "x": 420.95629675057467,
          "y": 567.954272652029,
          "species": 3
        },
        {
          "ID": 45,
          "x": 948.9623342385868,
          "y": 942.0074916584113,
          "species": 4
        }
      ]
    },
    {
      "ID": 9,
      "preset": {},
      "balls": [
        {
          "ID": 0,
          "x": 930,
          "y": 223,
          "species": 1
        },
        {
          "ID": 1,
          "x": 448,
          "y": 721,
          "species": 0
        },
        {
          "ID": 2,
          "x": 1124,
          "y": 644,
          "species": 4
        },
        {
          "ID": 3,
          "x": 935,
          "y": 516,
          "species": 4
        },
        {
          "ID": 4,
          "x": 789,
          "y": 442,
          "species": 4
        },
        {
          "ID": 5,
          "x": 792,
          "y": 925,
          "species": 3
        },
        {
          "ID": 6,
          "x": 1129,
          "y": 110,
          "species": 3
        },
        {
          "ID": 7,
          "x": 944.0248011871311,
          "y": 837.0235601199538,
          "species": 1
        },
        {
          "ID": 8,
          "x": 803.9722052248462,
          "y": 772.0010721024393,
          "species": 2
        },
        {
          "ID": 9,
          "x": 940.0491872993847,
          "y": 684.005409047257,
          "species": 2
        },
        {
          "ID": 10,
          "x": 1102.0242546301106,
          "y": 785.9545822816202,
          "species": 2
        },
        {
          "ID": 11,
          "x": 932.9650557052901,
          "y": 360.9959520618989,
          "species": 2
        },
        {
          "ID": 12,
          "x": 759.9838824393697,
          "y": 286.97573456478796,
          "species": 2
        },
        {
          "ID": 13,
          "x": 1088.0233458674077,
          "y": 263.0199388348198,
          "species": 2
        },
        {
          "ID": 14,
          "x": 1514.9825443829345,
          "y": 291.96951405282516,
          "species": 0
        }
      ]
    },
    {
      "ID": 10,
      "preset": {
        "radius_3": 50,
        "disableToolsOnlyInFurthestLevel": true,
        "createToolDisabled": true
      },
      "balls": [
        {
          "ID": 0,
          "x": 307,
          "y": 322,
          "species": 3
        },
        {
          "ID": 1,
          "x": 339,
          "y": 280,
          "species": 3
        },
        {
          "ID": 2,
          "x": 389,
          "y": 261,
          "species": 3
        },
        {
          "ID": 3,
          "x": 440,
          "y": 259,
          "species": 3
        },
        {
          "ID": 4,
          "x": 494,
          "y": 257,
          "species": 3
        },
        {
          "ID": 5,
          "x": 548,
          "y": 242,
          "species": 3
        },
        {
          "ID": 6,
          "x": 598.0309413215621,
          "y": 218.02321411872117,
          "species": 3
        },
        {
          "ID": 7,
          "x": 468,
          "y": 533,
          "species": 3
        },
        {
          "ID": 8,
          "x": 591.0313768275054,
          "y": 258.9609414140028,
          "species": 3
        },
        {
          "ID": 9,
          "x": 568,
          "y": 307,
          "species": 3
        },
        {
          "ID": 10,
          "x": 538.0286403382069,
          "y": 352.9692818522771,
          "species": 3
        },
        {
          "ID": 11,
          "x": 529.0267930450701,
          "y": 400.026353216617,
          "species": 3
        },
        {
          "ID": 12,
          "x": 517.9953313687107,
          "y": 446.025122190923,
          "species": 3
        },
        {
          "ID": 13,
          "x": 500,
          "y": 495,
          "species": 3
        },
        {
          "ID": 14,
          "x": 424,
          "y": 551,
          "species": 3
        },
        {
          "ID": 15,
          "x": 375,
          "y": 551,
          "species": 3
        },
        {
          "ID": 16,
          "x": 342,
          "y": 526,
          "species": 3
        },
        {
          "ID": 17,
          "x": 330,
          "y": 479,
          "species": 3
        },
        {
          "ID": 18,
          "x": 364,
          "y": 437,
          "species": 3
        },
        {
          "ID": 19,
          "x": 478,
          "y": 408,
          "species": 3
        },
        {
          "ID": 20,
          "x": 655,
          "y": 270,
          "species": 3
        },
        {
          "ID": 21,
          "x": 642,
          "y": 317,
          "species": 3
        },
        {
          "ID": 22,
          "x": 593,
          "y": 534,
          "species": 3
        },
        {
          "ID": 23,
          "x": 1140,
          "y": 476,
          "species": 3
        },
        {
          "ID": 24,
          "x": 797,
          "y": 392,
          "species": 3
        },
        {
          "ID": 25,
          "x": 618,
          "y": 439,
          "species": 3
        },
        {
          "ID": 26,
          "x": 604,
          "y": 483,
          "species": 3
        },
        {
          "ID": 27,
          "x": 632,
          "y": 366,
          "species": 3
        },
        {
          "ID": 28,
          "x": 738.9884338496703,
          "y": 553.9555713676646,
          "species": 3
        },
        {
          "ID": 29,
          "x": 889,
          "y": 504,
          "species": 3
        },
        {
          "ID": 30,
          "x": 687,
          "y": 395,
          "species": 3
        },
        {
          "ID": 31,
          "x": 723.0360652107971,
          "y": 437.0130657676419,
          "species": 3
        },
        {
          "ID": 32,
          "x": 708,
          "y": 486,
          "species": 3
        },
        {
          "ID": 33,
          "x": 710,
          "y": 531,
          "species": 3
        },
        {
          "ID": 34,
          "x": 839,
          "y": 363,
          "species": 3
        },
        {
          "ID": 35,
          "x": 898,
          "y": 412,
          "species": 3
        },
        {
          "ID": 36,
          "x": 783,
          "y": 435,
          "species": 3
        },
        {
          "ID": 37,
          "x": 783,
          "y": 487,
          "species": 3
        },
        {
          "ID": 38,
          "x": 807,
          "y": 520,
          "species": 3
        },
        {
          "ID": 39,
          "x": 850,
          "y": 531,
          "species": 3
        },
        {
          "ID": 40,
          "x": 874,
          "y": 366,
          "species": 3
        },
        {
          "ID": 41,
          "x": 626,
          "y": 399,
          "species": 3
        },
        {
          "ID": 42,
          "x": 809,
          "y": 464,
          "species": 3
        },
        {
          "ID": 43,
          "x": 859,
          "y": 443,
          "species": 3
        },
        {
          "ID": 44,
          "x": 1160,
          "y": 518,
          "species": 3
        },
        {
          "ID": 45,
          "x": 1016,
          "y": 518,
          "species": 3
        },
        {
          "ID": 46,
          "x": 1096,
          "y": 463,
          "species": 3
        },
        {
          "ID": 47,
          "x": 1050,
          "y": 487,
          "species": 3
        },
        {
          "ID": 48,
          "x": 993,
          "y": 558,
          "species": 3
        },
        {
          "ID": 49,
          "x": 1043,
          "y": 869,
          "species": 3
        },
        {
          "ID": 50,
          "x": 990,
          "y": 600,
          "species": 3
        },
        {
          "ID": 51,
          "x": 1030,
          "y": 622,
          "species": 3
        },
        {
          "ID": 52,
          "x": 1073,
          "y": 626,
          "species": 3
        },
        {
          "ID": 53,
          "x": 1127,
          "y": 623,
          "species": 3
        },
        {
          "ID": 54,
          "x": 1093,
          "y": 655,
          "species": 3
        },
        {
          "ID": 55,
          "x": 1003,
          "y": 706,
          "species": 3
        },
        {
          "ID": 56,
          "x": 965,
          "y": 740,
          "species": 3
        },
        {
          "ID": 57,
          "x": 943,
          "y": 787,
          "species": 3
        },
        {
          "ID": 58,
          "x": 949,
          "y": 836,
          "species": 3
        },
        {
          "ID": 59,
          "x": 990,
          "y": 868,
          "species": 3
        },
        {
          "ID": 60,
          "x": 1095,
          "y": 865,
          "species": 3
        },
        {
          "ID": 61,
          "x": 1142,
          "y": 843,
          "species": 3
        },
        {
          "ID": 62,
          "x": 1189,
          "y": 832,
          "species": 3
        },
        {
          "ID": 63,
          "x": 1241,
          "y": 834,
          "species": 3
        },
        {
          "ID": 64,
          "x": 1288,
          "y": 853,
          "species": 3
        },
        {
          "ID": 65,
          "x": 1209,
          "y": 619,
          "species": 3
        },
        {
          "ID": 66,
          "x": 1208,
          "y": 662,
          "species": 3
        },
        {
          "ID": 67,
          "x": 1197,
          "y": 709,
          "species": 3
        },
        {
          "ID": 68,
          "x": 1183,
          "y": 757,
          "species": 3
        },
        {
          "ID": 69,
          "x": 1236,
          "y": 643,
          "species": 3
        },
        {
          "ID": 70,
          "x": 1278,
          "y": 634,
          "species": 3
        },
        {
          "ID": 71,
          "x": 1317,
          "y": 661,
          "species": 3
        },
        {
          "ID": 72,
          "x": 1314,
          "y": 696,
          "species": 3
        },
        {
          "ID": 73,
          "x": 1303,
          "y": 740,
          "species": 3
        },
        {
          "ID": 74,
          "x": 1437,
          "y": 654,
          "species": 3
        },
        {
          "ID": 75,
          "x": 1400,
          "y": 672,
          "species": 3
        },
        {
          "ID": 76,
          "x": 1377,
          "y": 714,
          "species": 3
        },
        {
          "ID": 77,
          "x": 1391,
          "y": 759,
          "species": 3
        },
        {
          "ID": 78,
          "x": 1433,
          "y": 778,
          "species": 3
        },
        {
          "ID": 79,
          "x": 1475,
          "y": 763,
          "species": 3
        },
        {
          "ID": 80,
          "x": 1528,
          "y": 670,
          "species": 3
        },
        {
          "ID": 81,
          "x": 1531,
          "y": 628,
          "species": 3
        },
        {
          "ID": 82,
          "x": 1539,
          "y": 524,
          "species": 3
        },
        {
          "ID": 83,
          "x": 419.01881124516416,
          "y": 414.0324593942524,
          "species": 3
        },
        {
          "ID": 84,
          "x": 1597,
          "y": 458,
          "species": 3
        },
        {
          "ID": 85,
          "x": 1638,
          "y": 470,
          "species": 3
        },
        {
          "ID": 86,
          "x": 1655,
          "y": 514,
          "species": 3
        },
        {
          "ID": 87,
          "x": 1558,
          "y": 479,
          "species": 3
        },
        {
          "ID": 88,
          "x": 1618,
          "y": 544,
          "species": 3
        },
        {
          "ID": 89,
          "x": 1579,
          "y": 557,
          "species": 3
        },
        {
          "ID": 90,
          "x": 1515,
          "y": 548,
          "species": 3
        },
        {
          "ID": 91,
          "x": 1487,
          "y": 658,
          "species": 3
        },
        {
          "ID": 92,
          "x": 1518,
          "y": 710,
          "species": 3
        },
        {
          "ID": 93,
          "x": 1514,
          "y": 757,
          "species": 3
        },
        {
          "ID": 94,
          "x": 1530,
          "y": 800,
          "species": 3
        },
        {
          "ID": 95,
          "x": 1049.9654034907137,
          "y": 681.973855697264,
          "species": 3
        },
        {
          "ID": 96,
          "x": 1314,
          "y": 772,
          "species": 3
        },
        {
          "ID": 97,
          "x": 1457,
          "y": 529,
          "species": 3
        }
      ]
    },
    {
      "ID": 11,
      "preset": {
        "gravity_0": 20,
        "gravity_2": 20,
        "usePhysics_2": true,
        "disableToolsOnlyInFurthestLevel": true,
        "moveToolDisabled": true,
        "createToolDisabled": false,
        "deleteToolDisabled": true
      },
      "balls": [
        {
          "ID": 0,
          "x": 430.0277228862058,
          "y": 364.04371294360567,
          "species": 0
        },
        {
          "ID": 1,
          "x": 631.0415409385487,
          "y": 386.0151150560885,
          "species": 0
        },
        {
          "ID": 2,
          "x": 503.9741175295139,
          "y": 505.01424362169297,
          "species": 0
        },
        {
          "ID": 3,
          "x": 1777,
          "y": 686,
          "species": 4
        },
        {
          "ID": 4,
          "x": 147.95572003282805,
          "y": 701.0159449800651,
          "species": 3
        },
        {
          "ID": 5,
          "x": 152.01195413810453,
          "y": 815.9818937222665,
          "species": 3
        },
        {
          "ID": 6,
          "x": 155.99510475243693,
          "y": 935.0226931908442,
          "species": 3
        },
        {
          "ID": 7,
          "x": 805.9651055193166,
          "y": 699.987027105044,
          "species": 3
        },
        {
          "ID": 8,
          "x": 808.9764564787225,
          "y": 820.9587819749328,
          "species": 3
        },
        {
          "ID": 9,
          "x": 813.9598466813942,
          "y": 937.0079312256086,
          "species": 3
        },
        {
          "ID": 10,
          "x": 264.0348980219268,
          "y": 927.0203774181803,
          "species": 2
        },
        {
          "ID": 11,
          "x": 407.99276651254047,
          "y": 940.9822895450103,
          "species": 2
        },
        {
          "ID": 12,
          "x": 563.003112490809,
          "y": 944,
          "species": 2
        },
        {
          "ID": 13,
          "x": 706.9526039753296,
          "y": 888.9697219074478,
          "species": 2
        },
        {
          "ID": 14,
          "x": 626.9954619964884,
          "y": 756.0188391574884,
          "species": 2
        },
        {
          "ID": 15,
          "x": 497.0428586620622,
          "y": 807.0139225076441,
          "species": 2
        },
        {
          "ID": 16,
          "x": 354.9549454595972,
          "y": 801.9899847386988,
          "species": 2
        },
        {
          "ID": 17,
          "x": 254.95667491244578,
          "y": 718.9944610881018,
          "species": 2
        },
        {
          "ID": 18,
          "x": 1559.0106491661356,
          "y": 375.9599562462103,
          "species": 1
        },
        {
          "ID": 19,
          "x": 1037.9585699744853,
          "y": 385.9988659546259,
          "species": 4
        },
        {
          "ID": 20,
          "x": 1520,
          "y": 893,
          "species": 4
        }
      ]
    },
    {
      "ID": 12,
      "preset": {
        "disableToolsOnlyInFurthestLevel": true,
        "flingToolDisabled": true,
        "moveToolDisabled": true,
        "createToolDisabled": true,
        "deleteToolDisabled": true
       },
      "balls": [
        {
          "ID": 0,
          "x": 65.89903298469517,
          "y": 905.8918146432613,
          "species": 3
        },
        {
          "ID": 1,
          "x": 1230,
          "y": 942,
          "species": 0
        },
        {
          "ID": 2,
          "x": 432.0850039731429,
          "y": 743.0026376431754,
          "species": 2
        },
        {
          "ID": 3,
          "x": 559.9866373150469,
          "y": 765.9569778166215,
          "species": 2
        },
        {
          "ID": 4,
          "x": 701.031750362846,
          "y": 778.96449336527,
          "species": 2
        },
        {
          "ID": 5,
          "x": 844.0089173246295,
          "y": 785.0353867481292,
          "species": 2
        },
        {
          "ID": 6,
          "x": 984.0398871083614,
          "y": 786.9917677800541,
          "species": 2
        },
        {
          "ID": 7,
          "x": 1124.0133031449018,
          "y": 782.9868923463664,
          "species": 2
        },
        {
          "ID": 8,
          "x": 1264.044878857118,
          "y": 784.9865094673866,
          "species": 2
        },
        {
          "ID": 9,
          "x": 1405.0002122533688,
          "y": 787.9532309836273,
          "species": 2
        },
        {
          "ID": 10,
          "x": 1543.9928936516717,
          "y": 794.0365300905462,
          "species": 2
        },
        {
          "ID": 11,
          "x": 1679.9914776237667,
          "y": 851.9571809396324,
          "species": 2
        },
        {
          "ID": 12,
          "x": 1772.99879867234,
          "y": 943.9630718313269,
          "species": 2
        },
        {
          "ID": 13,
          "x": 307.9316219270165,
          "y": 673.9715922312788,
          "species": 2
        },
        {
          "ID": 14,
          "x": 125.0390660569376,
          "y": 111.00659097451907,
          "species": 1
        },
        {
          "ID": 15,
          "x": 1085.0373277413025,
          "y": 293.96551141356895,
          "species": 4
        },
        {
          "ID": 16,
          "x": 912.9514959279481,
          "y": 294.9738945748201,
          "species": 4
        },
        {
          "ID": 17,
          "x": 996.9715199436286,
          "y": 414.0318400403213,
          "species": 4
        }
      ]
    },
    {
      "ID": 13,
      "preset": {
        "disableToolsOnlyInFurthestLevel": true,
        "moveToolDisabled": true,
        "createToolDisabled": true,
        "deleteToolDisabled": true
      },
      "balls": [
        {
          "ID": 0,
          "x": 1671.023217946299,
          "y": 502.0283200174732,
          "species": 1
        },
        {
          "ID": 1,
          "x": 491,
          "y": 525,
          "species": 0
        },
        {
          "ID": 2,
          "x": 1003,
          "y": 897,
          "species": 4
        },
        {
          "ID": 3,
          "x": 1267,
          "y": 951,
          "species": 4
        },
        {
          "ID": 4,
          "x": 1786.9519940743464,
          "y": 455.03529326459136,
          "species": 2
        },
        {
          "ID": 5,
          "x": 1670,
          "y": 384,
          "species": 2
        },
        {
          "ID": 6,
          "x": 1557.030429639449,
          "y": 438.04785921977737,
          "species": 2
        },
        {
          "ID": 7,
          "x": 1571.952790852657,
          "y": 562.9837987852723,
          "species": 2
        },
        {
          "ID": 8,
          "x": 1687.9874790696333,
          "y": 623.9678075404801,
          "species": 2
        },
        {
          "ID": 9,
          "x": 1805.0202305767732,
          "y": 572.0343850463618,
          "species": 2
        },
        {
          "ID": 10,
          "x": 1458.992432810209,
          "y": 512.0331751592518,
          "species": 2
        },
        {
          "ID": 11,
          "x": 1565,
          "y": 323,
          "species": 2
        },
        {
          "ID": 12,
          "x": 1781,
          "y": 335,
          "species": 2
        },
        {
          "ID": 13,
          "x": 1795,
          "y": 691,
          "species": 2
        },
        {
          "ID": 14,
          "x": 1582,
          "y": 685,
          "species": 2
        },
        {
          "ID": 15,
          "x": 1435.9635663751374,
          "y": 387.0093242192016,
          "species": 2
        },
        {
          "ID": 16,
          "x": 1453.9980027878291,
          "y": 643.027516133084,
          "species": 2
        },
        {
          "ID": 17,
          "x": 1677,
          "y": 252,
          "species": 2
        },
        {
          "ID": 18,
          "x": 1689,
          "y": 759,
          "species": 2
        },
        {
          "ID": 19,
          "x": 725,
          "y": 839,
          "species": 4
        }
      ]
    },
    {
      "ID": 14,
      "preset": {
        "radius_3": 20,
        "disableToolsOnlyInFurthestLevel": true,
        "flingToolDisabled": true,
        "moveToolDisabled": true,
        "createToolDisabled": true,
        "deleteToolDisabled": true
      },
      "balls": [
        {
          "ID": 0,
          "x": 1649.967479424493,
          "y": 97.96835153839137,
          "species": 1
        },
        {
          "ID": 1,
          "x": 1526.996406763017,
          "y": 503.0418252218891,
          "species": 2
        },
        {
          "ID": 2,
          "x": 175.00059413832471,
          "y": 427.0189432235365,
          "species": 3
        },
        {
          "ID": 3,
          "x": 1457.9618949702847,
          "y": 108.9681281903064,
          "species": 1
        },
        {
          "ID": 4,
          "x": 1260.011248775517,
          "y": 106.04854194612723,
          "species": 1
        },
        {
          "ID": 5,
          "x": 1065.952182997999,
          "y": 108.95718126478152,
          "species": 1
        },
        {
          "ID": 6,
          "x": 869.9976094464926,
          "y": 114.03337528478804,
          "species": 1
        },
        {
          "ID": 7,
          "x": 686.9627327761154,
          "y": 109.00662663431783,
          "species": 1
        },
        {
          "ID": 8,
          "x": 504.0141347366331,
          "y": 109.99502994474408,
          "species": 1
        },
        {
          "ID": 9,
          "x": 328.01153558079847,
          "y": 119.04413691642335,
          "species": 1
        },
        {
          "ID": 10,
          "x": 1747.9545155810238,
          "y": 486.99822807038834,
          "species": 3
        },
        {
          "ID": 11,
          "x": 1739.9803209258614,
          "y": 278.0175519912336,
          "species": 3
        },
        {
          "ID": 12,
          "x": 1646.0329143957313,
          "y": 450.01849320030203,
          "species": 2
        },
        {
          "ID": 13,
          "x": 170.0087868132592,
          "y": 363.032521636354,
          "species": 3
        },
        {
          "ID": 14,
          "x": 1825,
          "y": 492,
          "species": 2
        },
        {
          "ID": 15,
          "x": 519.9880188209003,
          "y": 944.9934017831473,
          "species": 0
        },
        {
          "ID": 16,
          "x": 650.0403514106887,
          "y": 945.0011545464986,
          "species": 0
        },
        {
          "ID": 17,
          "x": 777.0302514266483,
          "y": 949.9664114210002,
          "species": 0
        },
        {
          "ID": 18,
          "x": 904.020063404652,
          "y": 941.9537209503787,
          "species": 0
        },
        {
          "ID": 19,
          "x": 1032.9933171844166,
          "y": 942.0332240630546,
          "species": 0
        },
        {
          "ID": 20,
          "x": 1163.027289113736,
          "y": 941.989979045593,
          "species": 0
        },
        {
          "ID": 21,
          "x": 1282.996689723915,
          "y": 939.9676905986655,
          "species": 0
        },
        {
          "ID": 22,
          "x": 1405.0420572396026,
          "y": 935.027237755624,
          "species": 0
        },
        {
          "ID": 23,
          "x": 1813.0386949854555,
          "y": 377.01924233803373,
          "species": 2
        },
        {
          "ID": 24,
          "x": 1399.9739667420974,
          "y": 447.97250460787797,
          "species": 2
        },
        {
          "ID": 25,
          "x": 266.9997009988324,
          "y": 448.99921406215856,
          "species": 2
        },
        {
          "ID": 26,
          "x": 1743.952438806612,
          "y": 417.0316314927092,
          "species": 3
        },
        {
          "ID": 27,
          "x": 632.0005681570394,
          "y": 488.03986360859983,
          "species": 2
        },
        {
          "ID": 28,
          "x": 1739.9601358011103,
          "y": 345.00679515399884,
          "species": 3
        },
        {
          "ID": 29,
          "x": 392.95910121675837,
          "y": 498.99128892815077,
          "species": 2
        },
        {
          "ID": 30,
          "x": 175.03085643528775,
          "y": 488.0318440779623,
          "species": 3
        },
        {
          "ID": 31,
          "x": 527.9881524868522,
          "y": 263.0193989739222,
          "species": 4
        },
        {
          "ID": 32,
          "x": 963.0230289518965,
          "y": 259.9908516229083,
          "species": 4
        },
        {
          "ID": 33,
          "x": 1365.0153177659943,
          "y": 246.0253750172521,
          "species": 4
        },
        {
          "ID": 34,
          "x": 172.0440125798002,
          "y": 302.03280235463853,
          "species": 3
        },
        {
          "ID": 35,
          "x": 95.00951720707471,
          "y": 625.9570794242883,
          "species": 2
        },
        {
          "ID": 36,
          "x": 99.97115095224854,
          "y": 515.992601306892,
          "species": 2
        },
        {
          "ID": 37,
          "x": 97.009288069263,
          "y": 405.96900128130096,
          "species": 2
        },
        {
          "ID": 38,
          "x": 1827,
          "y": 608,
          "species": 2
        },
        {
          "ID": 39,
          "x": 505.99051088225815,
          "y": 431.0007341339504,
          "species": 2
        },
        {
          "ID": 40,
          "x": 171.04525734330159,
          "y": 552.0163932565448,
          "species": 3
        },
        {
          "ID": 41,
          "x": 173.9555747803411,
          "y": 613.9916448013379,
          "species": 3
        },
        {
          "ID": 42,
          "x": 172.01371019374196,
          "y": 673.0114663980676,
          "species": 3
        },
        {
          "ID": 43,
          "x": 1273.9952931359487,
          "y": 499.96565539907766,
          "species": 2
        },
        {
          "ID": 44,
          "x": 1752.0119317767815,
          "y": 552.9893479899772,
          "species": 3
        },
        {
          "ID": 45,
          "x": 1750.9768274607961,
          "y": 620.9742486934945,
          "species": 3
        },
        {
          "ID": 46,
          "x": 1753.9987367464437,
          "y": 685.0200243133975,
          "species": 3
        },
        {
          "ID": 47,
          "x": 1810,
          "y": 257,
          "species": 2
        },
        {
          "ID": 48,
          "x": 88.9862793363983,
          "y": 297.00961380255455,
          "species": 2
        }
      ]
    },
    {
      "ID": 15,
      "preset": {
        "socialForce_0_1": -500,
        "socialForce_0_4": -500,

        "usePhysics_1": true,
        "socialForce_1_0": -500,

        "socialForce_4_0": -500
      },
      "balls": [
        {
          "ID": 0,
          "x": 1671.9705913209257,
          "y": 502.0291750886584,
          "species": 1
        },
        {
          "ID": 1,
          "x": 539,
          "y": 527,
          "species": 0
        },
        {
          "ID": 2,
          "x": 890,
          "y": 524,
          "species": 4
        },
        {
          "ID": 3,
          "x": 1150,
          "y": 521,
          "species": 4
        },
        {
          "ID": 4,
          "x": 1396,
          "y": 514,
          "species": 4
        }
      ]
    },
    {
      "ID": 16,
      "preset": {
        "usePhysics_0": false,
        "usePhysics_4": false,
        "gravity_0": 50
      },
      "balls": [
        {
          "ID": 0,
          "x": 506,
          "y": 277,
          "species": 0
        },
        {
          "ID": 1,
          "x": 668,
          "y": 965,
          "species": 4
        },
        {
          "ID": 2,
          "x": 376,
          "y": 296,
          "species": 3
        },
        {
          "ID": 3,
          "x": 374,
          "y": 404,
          "species": 3
        },
        {
          "ID": 4,
          "x": 369,
          "y": 502,
          "species": 3
        },
        {
          "ID": 5,
          "x": 445,
          "y": 552,
          "species": 3
        },
        {
          "ID": 6,
          "x": 530,
          "y": 571,
          "species": 3
        },
        {
          "ID": 7,
          "x": 609,
          "y": 589,
          "species": 3
        },
        {
          "ID": 8,
          "x": 680,
          "y": 616,
          "species": 3
        },
        {
          "ID": 9,
          "x": 772,
          "y": 635,
          "species": 3
        },
        {
          "ID": 10,
          "x": 846,
          "y": 655,
          "species": 3
        },
        {
          "ID": 11,
          "x": 1386,
          "y": 877,
          "species": 4
        },
        {
          "ID": 12,
          "x": 1381,
          "y": 818,
          "species": 4
        },
        {
          "ID": 13,
          "x": 528,
          "y": 933,
          "species": 1
        },
        {
          "ID": 14,
          "x": 607,
          "y": 965,
          "species": 4
        },
        {
          "ID": 15,
          "x": 1385,
          "y": 386,
          "species": 4
        },
        {
          "ID": 16,
          "x": 1386,
          "y": 325,
          "species": 4
        }
      ]
    },
    {
      "ID": 17,
      "preset": {
        "usePhysics_0": false,
        "usePhysics_4": false,
        "gravity_0": 20,
        "collision_0": 0.01
      },
      "balls": [
        {
          "ID": 0,
          "x": 453,
          "y": 934,
          "species": 1
        },
        {
          "ID": 1,
          "x": 427,
          "y": 191,
          "species": 0
        },
        {
          "ID": 2,
          "x": 641,
          "y": 547,
          "species": 2
        },
        {
          "ID": 3,
          "x": 568,
          "y": 547,
          "species": 2
        },
        {
          "ID": 4,
          "x": 492,
          "y": 546,
          "species": 2
        },
        {
          "ID": 5,
          "x": 1112,
          "y": 441,
          "species": 2
        },
        {
          "ID": 6,
          "x": 1152,
          "y": 441,
          "species": 2
        },
        {
          "ID": 7,
          "x": 359,
          "y": 499,
          "species": 2
        },
        {
          "ID": 8,
          "x": 615,
          "y": 559,
          "species": 2
        },
        {
          "ID": 9,
          "x": 539,
          "y": 549,
          "species": 2
        },
        {
          "ID": 10,
          "x": 1065,
          "y": 441,
          "species": 2
        },
        {
          "ID": 11,
          "x": 327,
          "y": 451,
          "species": 2
        },
        {
          "ID": 12,
          "x": 391,
          "y": 537,
          "species": 2
        },
        {
          "ID": 13,
          "x": 449,
          "y": 542,
          "species": 2
        },
        {
          "ID": 14,
          "x": 1143,
          "y": 860,
          "species": 4
        },
        {
          "ID": 15,
          "x": 1191,
          "y": 903,
          "species": 4
        },
        {
          "ID": 16,
          "x": 1099,
          "y": 912,
          "species": 4
        },
        {
          "ID": 17,
          "x": 1149,
          "y": 951,
          "species": 4
        }
      ]
    },
    {
      "ID": 18,
      "preset": {
        "usePhysics_0": false,
        "usePhysics_4": false,
        "socialForce_4_4": 30
      },
      "balls": [
        {
          "ID": 0,
          "x": 960,
          "y": 549,
          "species": 0
        },
        {
          "ID": 1,
          "x": 954,
          "y": 735,
          "species": 2
        },
        {
          "ID": 2,
          "x": 946,
          "y": 940,
          "species": 1
        },
        {
          "ID": 3,
          "x": 938,
          "y": 129,
          "species": 1
        },
        {
          "ID": 4,
          "x": 966,
          "y": 129,
          "species": 1
        },
        {
          "ID": 5,
          "x": 661,
          "y": 132,
          "species": 4
        },
        {
          "ID": 6,
          "x": 544,
          "y": 134,
          "species": 4
        },
        {
          "ID": 7,
          "x": 446,
          "y": 131,
          "species": 4
        },
        {
          "ID": 8,
          "x": 1150,
          "y": 724,
          "species": 4
        },
        {
          "ID": 9,
          "x": 1088,
          "y": 724,
          "species": 4
        }
      ]
    },
    {
      "ID": 19,
      "preset": {
        "usePhysics_0": false,
        "usePhysics_4": false,
        "gravity_0": 30,
        "socialForce_4_0": 30
      },
      "balls": [
        {
          "ID": 0,
          "x": 270,
          "y": 104,
          "species": 0
        },
        {
          "ID": 1,
          "x": 1786,
          "y": 859,
          "species": 1
        },
        {
          "ID": 2,
          "x": 1815,
          "y": 937,
          "species": 3
        },
        {
          "ID": 3,
          "x": 1007,
          "y": 177,
          "species": 2
        },
        {
          "ID": 4,
          "x": 268,
          "y": 927,
          "species": 2
        },
        {
          "ID": 5,
          "x": 1438,
          "y": 730,
          "species": 2
        },
        {
          "ID": 6,
          "x": 1282,
          "y": 168,
          "species": 4
        },
        {
          "ID": 7,
          "x": 664,
          "y": 213,
          "species": 4
        },
        {
          "ID": 8,
          "x": 1116,
          "y": 467,
          "species": 4
        },
        {
          "ID": 9,
          "x": 887,
          "y": 841,
          "species": 4
        },
        {
          "ID": 10,
          "x": 1054,
          "y": 345,
          "species": 4
        },
        {
          "ID": 11,
          "x": 746,
          "y": 626,
          "species": 4
        },
        {
          "ID": 12,
          "x": 739,
          "y": 810,
          "species": 4
        },
        {
          "ID": 13,
          "x": 806,
          "y": 729,
          "species": 4
        },
        {
          "ID": 14,
          "x": 1331,
          "y": 878,
          "species": 4
        },
        {
          "ID": 15,
          "x": 1536,
          "y": 592,
          "species": 4
        },
        {
          "ID": 16,
          "x": 1134,
          "y": 245,
          "species": 4
        }
      ]
    },
    {
      "ID": 20,
      "preset": {
        "usePhysics_0": false,
        "usePhysics_4": false,
        "gravity_0": 40,
        "friction_0": 0,
        "radius_0": 50,
        "gravity_1": 20,
        "friction_1": 5,
        "collision_1": 0.01,
        "friction_4": 5,
        "collision_4": 0.5
      },
      "balls": [
        {
          "ID": 0,
          "x": 216,
          "y": 793,
          "species": 0
        },
        {
          "ID": 1,
          "x": 193,
          "y": 834,
          "species": 3
        },
        {
          "ID": 2,
          "x": 1688,
          "y": 554,
          "species": 1
        },
        {
          "ID": 3,
          "x": 1354,
          "y": 454,
          "species": 4
        },
        {
          "ID": 4,
          "x": 1277,
          "y": 469,
          "species": 4
        },
        {
          "ID": 5,
          "x": 1207,
          "y": 487,
          "species": 4
        },
        {
          "ID": 6,
          "x": 920,
          "y": 559,
          "species": 4
        },
        {
          "ID": 7,
          "x": 782,
          "y": 623,
          "species": 4
        },
        {
          "ID": 8,
          "x": 863,
          "y": 607,
          "species": 4
        },
        {
          "ID": 9,
          "x": 595,
          "y": 786,
          "species": 4
        },
        {
          "ID": 10,
          "x": 659,
          "y": 806,
          "species": 4
        },
        {
          "ID": 11,
          "x": 722,
          "y": 831,
          "species": 4
        },
        {
          "ID": 12,
          "x": 1181,
          "y": 954,
          "species": 4
        },
        {
          "ID": 13,
          "x": 1254,
          "y": 953,
          "species": 4
        },
        {
          "ID": 14,
          "x": 1320,
          "y": 950,
          "species": 4
        },
        {
          "ID": 15,
          "x": 1397,
          "y": 657,
          "species": 2
        },
        {
          "ID": 16,
          "x": 1314,
          "y": 673,
          "species": 2
        },
        {
          "ID": 17,
          "x": 1230,
          "y": 695,
          "species": 2
        },
        {
          "ID": 18,
          "x": 1159,
          "y": 706,
          "species": 2
        },
        {
          "ID": 19,
          "x": 1081,
          "y": 727,
          "species": 2
        },
        {
          "ID": 20,
          "x": 993,
          "y": 744,
          "species": 2
        }
      ]
    },
    {
      "ID": 21,
      "preset": {
        "usePhysics_0": false,
        "usePhysics_4": false,
        "gravity_0": -30,
        "collision_1": 0.1,
        "friction_0": 5,
        "gravity_1": 30,
        "collision_1": 0.1,
        "friction_1": 5
      },
      "balls": [
        {
          "ID": 0,
          "x": 294,
          "y": 113,
          "species": 1
        },
        {
          "ID": 1,
          "x": 1563,
          "y": 936,
          "species": 0
        },
        {
          "ID": 2,
          "x": 262,
          "y": 386,
          "species": 3
        },
        {
          "ID": 3,
          "x": 530,
          "y": 377,
          "species": 3
        },
        {
          "ID": 4,
          "x": 693,
          "y": 411,
          "species": 3
        },
        {
          "ID": 5,
          "x": 853,
          "y": 451,
          "species": 3
        },
        {
          "ID": 6,
          "x": 1056,
          "y": 336,
          "species": 3
        },
        {
          "ID": 7,
          "x": 1059,
          "y": 424,
          "species": 3
        },
        {
          "ID": 8,
          "x": 1059,
          "y": 505,
          "species": 3
        },
        {
          "ID": 9,
          "x": 958,
          "y": 651,
          "species": 3
        },
        {
          "ID": 10,
          "x": 762,
          "y": 714,
          "species": 3
        },
        {
          "ID": 11,
          "x": 617,
          "y": 756,
          "species": 3
        }
      ]
    },
    {
      "ID": 1000,
      "preset": {
        "radius_0": 30,
        "gravity_0": 100,
        "friction_0": 1,
        "usePhysics_0": true,

        "radius_1": 70,
        "gravity_1": 100,
        "friction_1": 5,
        "usePhysics_1": true,

        "radius_2": 10,
        "gravity_2": 100,
        "friction_2": 1,
        "usePhysics_2": true,

        "radius_3": 30,
        "friction_3": 2,
        "usePhysics_3": true,
        "socialForce_3_0": -10,

        "radius_4": 30,
        "friction_4": 2,
        "usePhysics_4": true,
        "socialForce_4_0": -10
      },
      "balls": [],
      "period": 50,
      "collisionSpecies": 0,
      "numCollisionsGoal": 0
    },
    {
      "ID": 1001,
      "preset": {
        "radius_0": 50,
        "friction_0": 1,
        "usePhysics_0": true,
        "imageIndex_0": 6,

        "radius_1": 50,
        "friction_1": 1,
        "usePhysics_1": true,

        "radius_2": 10,
        "collision_2": 0,
        "friction_2": 0,

        "usePhysics_4": true,
        "radius_4": 35,
        "imageIndex_4": 10,
        "touchDeath_4_0": 1,
        "deathVisualGood_4": 8,
        "deathSoundGood_4": 5
      },
      "balls": [],
      "period": 50,
      "collisionSpecies": 0,
      "numCollisionsGoal": 0
    },
    {
      "ID": 1002,
      "preset": {
        "radius_0": 30,
        "friction_0": 1,
        "usePhysics_0": true,

        "radius_1": 50,
        "friction_1": 1,
        "usePhysics_1": true,

        "radius_2": 10,
        "collision_2": 0,
        "friction_2": 0
      },
      "balls": [],
      "period": 1,
      "collisionSpecies": 0,
      "numCollisionsGoal": 10
    },
    {
      "ID": 1003,
      "preset": {
        "usePhysics_0": true,
        "radius_0": 50,
        "collision_0": 0.9,
        "friction_0": 5,
        "imageIndex_0": 6,
        "touchDeath_0_1": 1,
        "touchDeath_0_2": 2,
        "deathVisualBad_0": 1,
        "deathSoundGood_0": 4,
        "deathSoundBad_0": 6,

        "imageIndex_1": 8,

        "collision_2": 0.5,
        "imageIndex_2": 1,

        "radius_3": 40,
        "imageIndex_3": 4,

        "usePhysics_4": true,
        "radius_4": 25,
        "imageIndex_4": 10,
        "touchDeath_4_0": 1,
        "deathVisualGood_4": 8,
        "deathSoundGood_4": 5
      },
      "balls": [
        {
          "ID": 0,
          "x": 27,
          "y": 207,
          "species": 3
        },
        {
          "ID": 1,
          "x": 697,
          "y": 513,
          "species": 3
        },
        {
          "ID": 2,
          "x": 184,
          "y": 208,
          "species": 3
        },
        {
          "ID": 3,
          "x": 259,
          "y": 208,
          "species": 3
        },
        {
          "ID": 4,
          "x": 334,
          "y": 208,
          "species": 3
        },
        {
          "ID": 5,
          "x": 412,
          "y": 207,
          "species": 3
        },
        {
          "ID": 6,
          "x": 488,
          "y": 209,
          "species": 3
        },
        {
          "ID": 7,
          "x": 561,
          "y": 208,
          "species": 3
        },
        {
          "ID": 8,
          "x": 638,
          "y": 211,
          "species": 3
        },
        {
          "ID": 9,
          "x": 717,
          "y": 210,
          "species": 3
        },
        {
          "ID": 10,
          "x": 764,
          "y": 271,
          "species": 3
        },
        {
          "ID": 11,
          "x": 816,
          "y": 324,
          "species": 3
        },
        {
          "ID": 12,
          "x": 863,
          "y": 390,
          "species": 3
        },
        {
          "ID": 13,
          "x": 913,
          "y": 444,
          "species": 3
        },
        {
          "ID": 14,
          "x": 963,
          "y": 502,
          "species": 3
        },
        {
          "ID": 15,
          "x": 1009,
          "y": 565,
          "species": 3
        },
        {
          "ID": 16,
          "x": 1081,
          "y": 565,
          "species": 3
        },
        {
          "ID": 17,
          "x": 1154,
          "y": 564,
          "species": 3
        },
        {
          "ID": 18,
          "x": 1228,
          "y": 564,
          "species": 3
        },
        {
          "ID": 19,
          "x": 1301,
          "y": 564,
          "species": 3
        },
        {
          "ID": 20,
          "x": 1374,
          "y": 564,
          "species": 3
        },
        {
          "ID": 21,
          "x": 30,
          "y": 394,
          "species": 3
        },
        {
          "ID": 22,
          "x": 104,
          "y": 395,
          "species": 3
        },
        {
          "ID": 23,
          "x": 181,
          "y": 396,
          "species": 3
        },
        {
          "ID": 24,
          "x": 254,
          "y": 395,
          "species": 3
        },
        {
          "ID": 25,
          "x": 327,
          "y": 396,
          "species": 3
        },
        {
          "ID": 26,
          "x": 368,
          "y": 456,
          "species": 3
        },
        {
          "ID": 27,
          "x": 415,
          "y": 515,
          "species": 3
        },
        {
          "ID": 28,
          "x": 459,
          "y": 577,
          "species": 3
        },
        {
          "ID": 29,
          "x": 505,
          "y": 634,
          "species": 3
        },
        {
          "ID": 30,
          "x": 553,
          "y": 696,
          "species": 3
        },
        {
          "ID": 31,
          "x": 597,
          "y": 754,
          "species": 3
        },
        {
          "ID": 32,
          "x": 676,
          "y": 757,
          "species": 3
        },
        {
          "ID": 33,
          "x": 755,
          "y": 755,
          "species": 3
        },
        {
          "ID": 34,
          "x": 831,
          "y": 754,
          "species": 3
        },
        {
          "ID": 35,
          "x": 905,
          "y": 756,
          "species": 3
        },
        {
          "ID": 36,
          "x": 977,
          "y": 755,
          "species": 3
        },
        {
          "ID": 37,
          "x": 1049,
          "y": 754,
          "species": 3
        },
        {
          "ID": 38,
          "x": 1121,
          "y": 758,
          "species": 3
        },
        {
          "ID": 39,
          "x": 1192,
          "y": 756,
          "species": 3
        },
        {
          "ID": 40,
          "x": 1263,
          "y": 756,
          "species": 3
        },
        {
          "ID": 41,
          "x": 1334,
          "y": 757,
          "species": 3
        },
        {
          "ID": 42,
          "x": 1406,
          "y": 756,
          "species": 3
        },
        {
          "ID": 43,
          "x": 1407,
          "y": 659,
          "species": 1
        },
        {
          "ID": 44,
          "x": 187,
          "y": 294,
          "species": 0
        },
        {
          "ID": 45,
          "x": 650,
          "y": 450,
          "species": 3
        },
        {
          "ID": 46,
          "x": 108,
          "y": 205,
          "species": 3
        }
      ]
    },
    {
      "ID": 1004,
      "preset": {
        "radius_0": 50,
        "friction_0": 1,
        "usePhysics_0": true,
        "imageIndex_0": 6,

        "radius_1": 50,
        "friction_1": 1,
        "usePhysics_1": true,

        "radius_2": 10,
        "collision_2": 0,
        "friction_2": 0,

        "usePhysics_4": true,
        "radius_4": 35,
        "imageIndex_4": 10,
        "touchDeath_4_0": 1,
        "deathVisualGood_4": 8,
        "deathSoundGood_4": 5
      },
      "balls": [
        {
          "ID": 0,
          "x": 1396.0293771943245,
          "y": 514.025173305996,
          "species": 4
        },
        {
          "ID": 1,
          "x": 539.0225783239018,
          "y": 526.9685449452185,
          "species": 0
        },
        {
          "ID": 2,
          "x": 890.0160335947432,
          "y": 523.9711802551113,
          "species": 4
        },
        {
          "ID": 3,
          "x": 1149.9652994755031,
          "y": 521.0019565873985,
          "species": 4
        },
        {
          "ID": 4,
          "x": 1047,
          "y": 421,
          "species": 4
        },
        {
          "ID": 5,
          "x": 1254.9510017655402,
          "y": 416.0241287972742,
          "species": 4
        },
        {
          "ID": 6,
          "x": 1285.9546323602624,
          "y": 624.0459239654963,
          "species": 4
        },
        {
          "ID": 7,
          "x": 1499.9938464167883,
          "y": 676.955850914034,
          "species": 4
        },
        {
          "ID": 8,
          "x": 1530.989840320558,
          "y": 410.9651603098058,
          "species": 4
        },
        {
          "ID": 9,
          "x": 1298.0211065746528,
          "y": 236.9933125687603,
          "species": 4
        },
        {
          "ID": 10,
          "x": 1147,
          "y": 282,
          "species": 4
        },
        {
          "ID": 11,
          "x": 1034.9767422335472,
          "y": 637.9637907970805,
          "species": 4
        },
        {
          "ID": 12,
          "x": 1205.0009109205482,
          "y": 766.0066808244732,
          "species": 4
        },
        {
          "ID": 13,
          "x": 984,
          "y": 292,
          "species": 4
        },
        {
          "ID": 14,
          "x": 802,
          "y": 357,
          "species": 4
        },
        {
          "ID": 15,
          "x": 880,
          "y": 691,
          "species": 4
        },
        {
          "ID": 16,
          "x": 1035.0378284798528,
          "y": 788.9678168043403,
          "species": 4
        },
        {
          "ID": 17,
          "x": 1408.0190836773256,
          "y": 333.0067073683513,
          "species": 4
        },
        {
          "ID": 18,
          "x": 1381.0420186374806,
          "y": 747.9980219885501,
          "species": 4
        }
      ]
    }
  ]
}
