<?xml version="1.0" encoding="UTF-8"?>
<component type="desktop">
  <id>com.hack_computer.Sidetrack.desktop</id>
  <metadata_license>CC0</metadata_license>
  <project_license>LicenseRef-proprietary</project_license>
  <categories>
    <category>Game</category>
  </categories>
  <name>Sidetrack</name>
  <summary>Escape the maze of pits and robots!</summary>

  <description>
    <p>Learning objectives:
        <ul>
            <li>Use Procedural Thinking to place Instructions in the correct order and help Riley escape the maze! Just like writing a program, you’ll need to plan and think through your set of Instructions in advance.</li>
            <li>Predict the behavior of simple automata to avoid robots and push walls out of your way.</li>
            <li>Practice the coordinate system and unleash your creativity to design your own Sidetrack levels!</li>
        </ul>
    </p>
    <p><b>Note:</b> For the best experience, enjoy Sidetrack as part of Hack with your friends in the Clubhouse guiding you through its features.</p>
  </description>

  <screenshots>
    <screenshot>
      <image type="source">https://d3lapyynmdp1i9.cloudfront.net/screenshots/com.hack_computer.Sidetrack/C/com.hack_computer.Sidetrack-screenshot1.png</image>
    </screenshot>
  </screenshots>

  <metadata>
    <value key="GnomeSoftware::popular-background">https://d3lapyynmdp1i9.cloudfront.net/thumbnails/com.hack_computer.Sidetrack/com.hack_computer.Sidetrack-thumb.png</value>
  </metadata>

  <url type="homepage">https://hack-computer.com</url>

  <categories>
    <category>LearnToCode</category>
  </categories>

  <releases>
    <release date="2019-12-12" version="1.1"/>
  </releases>

  <content_rating type="oars-1.1">
    <content_attribute id="violence-cartoon">none</content_attribute>
    <content_attribute id="violence-fantasy">none</content_attribute>
    <content_attribute id="violence-realistic">none</content_attribute>
    <content_attribute id="violence-bloodshed">none</content_attribute>
    <content_attribute id="violence-sexual">none</content_attribute>
    <content_attribute id="violence-desecration">none</content_attribute>
    <content_attribute id="violence-slavery">none</content_attribute>
    <content_attribute id="violence-worship">none</content_attribute>
    <content_attribute id="drugs-alcohol">none</content_attribute>
    <content_attribute id="drugs-narcotics">none</content_attribute>
    <content_attribute id="drugs-tobacco">none</content_attribute>
    <content_attribute id="sex-nudity">none</content_attribute>
    <content_attribute id="sex-themes">none</content_attribute>
    <content_attribute id="sex-homosexuality">none</content_attribute>
    <content_attribute id="sex-prostitution">none</content_attribute>
    <content_attribute id="sex-adultery">none</content_attribute>
    <content_attribute id="sex-appearance">none</content_attribute>
    <content_attribute id="language-profanity">none</content_attribute>
    <content_attribute id="language-humor">none</content_attribute>
    <content_attribute id="language-discrimination">none</content_attribute>
    <content_attribute id="social-chat">none</content_attribute>
    <content_attribute id="social-info">none</content_attribute>
    <content_attribute id="social-audio">none</content_attribute>
    <content_attribute id="social-location">none</content_attribute>
    <content_attribute id="social-contacts">none</content_attribute>
    <content_attribute id="money-purchasing">none</content_attribute>
    <content_attribute id="money-gambling">none</content_attribute>
  </content_rating>

  <update_contact>code@endlessm.com</update_contact>
</component>
