<?xml version="1.0" encoding="UTF-8"?>
<component type="desktop">
  <id>com.hack_computer.Fizzics.desktop</id>
  <metadata_license>CC0</metadata_license>
  <project_license>LicenseRef-proprietary</project_license>
  <categories>
    <category>Game</category>
  </categories>
  <name>Fizzics</name>
  <summary>Fling your orange ball into the goal!</summary>

  <description>
    <p>Use your slingshot to fling the orange ball into the goal. Watch out for spiky obstacles and try to collect diamonds for more points! Swap out graphics!  Sharpen your strategic skills as you Flip-to-Hack bounciness, gravity, friction, and even magnetic attraction. Can’t get past those massive boulders? Change them into pebbles!</p>
    <p><b>Note:</b> For the best experience, enjoy Fizzics as part of Hack episodes with your friends in the Clubhouse guiding you through its features.</p>
  </description>

  <screenshots>
    <screenshot>
      <image type="source">https://d3lapyynmdp1i9.cloudfront.net/screenshots/com.hack_computer.Fizzics/C/com.hack_computer.Fizzics-screenshot1.png</image>
    </screenshot>
  </screenshots>

  <metadata>
    <value key="GnomeSoftware::popular-background">https://d3lapyynmdp1i9.cloudfront.net/thumbnails/com.hack_computer.Fizzics/com.hack_computer.Fizzics-thumb.png</value>
  </metadata>

  <url type="homepage">http://www.endlessm.com</url>

  <releases>
    <release date="2018-10-16" version="0.0.0"/>
  </releases>

  <content_rating type="oars-1.1">
    <content_attribute id="violence-cartoon">none</content_attribute>
    <content_attribute id="violence-fantasy">none</content_attribute>
    <content_attribute id="violence-realistic">none</content_attribute>
    <content_attribute id="violence-bloodshed">none</content_attribute>
    <content_attribute id="violence-sexual">none</content_attribute>
    <content_attribute id="violence-desecration">none</content_attribute>
    <content_attribute id="violence-slavery">none</content_attribute>
    <content_attribute id="violence-worship">none</content_attribute>
    <content_attribute id="drugs-alcohol">none</content_attribute>
    <content_attribute id="drugs-narcotics">none</content_attribute>
    <content_attribute id="drugs-tobacco">none</content_attribute>
    <content_attribute id="sex-nudity">none</content_attribute>
    <content_attribute id="sex-themes">none</content_attribute>
    <content_attribute id="sex-homosexuality">none</content_attribute>
    <content_attribute id="sex-prostitution">none</content_attribute>
    <content_attribute id="sex-adultery">none</content_attribute>
    <content_attribute id="sex-appearance">none</content_attribute>
    <content_attribute id="language-profanity">none</content_attribute>
    <content_attribute id="language-humor">none</content_attribute>
    <content_attribute id="language-discrimination">none</content_attribute>
    <content_attribute id="social-chat">none</content_attribute>
    <content_attribute id="social-info">none</content_attribute>
    <content_attribute id="social-audio">none</content_attribute>
    <content_attribute id="social-location">none</content_attribute>
    <content_attribute id="social-contacts">none</content_attribute>
    <content_attribute id="money-purchasing">none</content_attribute>
    <content_attribute id="money-gambling">none</content_attribute>
  </content_rating>

  <update_contact>code@endlessm.com</update_contact>
</component>
